{
  "saturation": 123.68691770237436,
  "brightness": 156.64264934821182,
  "warmth": 0.16992329221718802,
  "edge_density": 0.06619985499007969,
  "color_diversity": 0.684375
}