{
  "saturation": 129.26353339948838,
  "brightness": 188.9972284788277,
  "warmth": 0.04984642838213345,
  "edge_strength": 30.91,
  "texture_smoothness": 31.02
}